req_id,name,domain,measurement units,definition,uncertainty units,required for application,layers
302,Total lightning density,Clouds and precipitations,Dimensionless,Total number of detected flashes in the corresponding time interval and the space unit. The space unit (grid box) should be equal to the horizontal resolution and the accumulation time to the observing cycle,Dimensionless,"Climate Monitoring (GCOS),High Res NWP,Nowcasting / VSRF",TrC
166,Turbulence,Basic atmospheric,J/m,3D field of kinetic energy density of turbulent motion of the air ,J/m,Aeronautical Meteorology,"FT,PBL,UTLS"
170,Upward long-wave irradiance at Earth surface,Aerosols and radiation,"W/m, ",Flux density of terrestrial radiation emitted by the Earth surface ,W/m,"Climate-AOPC (deprecated),Global NWP",Near Surface
169,Upward long-wave irradiance at TOA,Aerosols and radiation,"W/m, ","Flux density of terrestrial radiation emitted by the Earth surface and the gases, aerosols and clouds ot the atmosphere at the top of the atmosphere ",W/m,"Climate Monitoring (GCOS),Climate-AOPC (deprecated),Global NWP,High Res NWP,Hydrology,SPARC (deprecated)",TOA
167,Upward short-wave irradiance at TOA,Aerosols and radiation,"W/m, ","Flux density of solar radiation, reflected by the Earth surface and atmosphere, emitted to space at the top of the atmosphere ",W/m,"Climate Monitoring (GCOS),Climate-AOPC (deprecated),Global NWP,High Res NWP,Hydrology,SPARC (deprecated)",TOA
168,Upward spectral radiance at TOA,Aerosols and radiation,"W.m, .nm, . sr","Upward radiant power measured at the top of the atmosphere per area unit, per solid angle, and per wavelength interval. Spectral range 0.2-200 µm. Resolving power ?/??= 1000. Accuracy quoted as SNR (Signal-to-Noise-Ratio), actually SNR^-1 so that smaller figure means better performance, as usual. ",SNR,Global NWP,TOA
243,UV flux,Solar monitoring, watt·m, Integrated UV flux. ,%,,"Geo,Helio,Ionos,L1,Leo,Magnet,Meo,Sun"
304,UV flux spectrum,Solar monitoring,"w.m,.nm",Energy spectrum of diffuse UV flux measured in space.,%,,"Geo,Helio,L1,L4-L5,Leo,Meo"
244,UV sky image,Solar monitoring," erg·(cm, arcsec s), ",UV image of the sky,%,,"Geo,Helio,Ionos,L1,Leo,Magnet,Meo,Sun"
172,Vegetation type,Land surface,Classes,"Result of the classification of different types of vegetation within a vegetated area - Accuracy expressed as inverse of the number of classes, so that smaller figures correspond to better performance.",Classes,"Agricultural Meteorology,Global NWP,Hydrology,SIAF (deprecated),SSLP",Land surface
306,VIS flux,Solar monitoring,watt·m,Integrated VIS flux,%,,"Geo,Helio,Ionos,L1,Leo,Magnet,Meo,Sun"
307,VIS flux spectrum,Solar monitoring,"watt.m,.nm",Energy spectrum of diffuse VIS flux measured in space,%,,"Geo,Helio,Ionos,L1,Leo,Magnet,Meo,Sun"
308,VIS sky image,Solar monitoring," erg·(cm, arcsec s), ",VIS image of the sky,%,,"Geo,Helio,Ionos,L1,Leo,Magnet,Meo,Sun"
175,Water-leaving spectral radiance,Ocean,"W .m, . sr, .nm","Upward spectral radiance from the ocean surface, i.e. amount of light leaving the ocean per unit area, per wavelength and per solid angle.",%,Climate Monitoring (GCOS),Sea surface
203,Wave 1D energy frequency spectrum,Ocean,"m, . Hz",1D variable colloquially referred to as “wave spectrum”. Describes the wave energy in each frequency band (e.g. 25 frequency bands) regardless of the direction of propagation,"m, . Hz",Ocean Applications,"Bulk,Sea surface,UTLS"
176,Wave directional energy frequency spectrum,Ocean,"m, . Hz, . rad","2D variable colloquially referred to as wave spectrum. Describes the wave energy travelling in each direction and frequency band (e.g., 24 distinct azimuth sectors each 15° wide, and 25 frequency bands)","m, . Hz, . rad",Ocean Applications,Sea surface
177,Wetland extent,Land surface,%,Fraction of an area flood by water ,%,Climate-TOPC (deprecated),Land surface
179,Wind (horizontal),Basic atmospheric,m.s,"3D field of the horizontal vector component (2D) of the 3D wind vector. The acuracy is meant as vector error, i.e. the module of the vector difference between the observed vector and the true vector.",m.s,"Aeronautical Meteorology,Climate Modelling Research (deprecated),Climate Monitoring (GCOS),Climate-AOPC (deprecated),Global NWP,High Res NWP,Nowcasting / VSRF,Ocean Applications,SPARC (deprecated),Space Weather","FT,HiThermo,LoThermo,M,MUS,PBL,UTLS"
180,Wind (vertical),Basic atmospheric,cm.s,3D field of the vertical component of the 3D wind vector ,cm.s,"Aeronautical Meteorology,Global NWP,High Res NWP,Nowcasting / VSRF","FT,M,MUS,PBL,UTLS"
358,Wind direction (near surface),Basic atmospheric,degree true,Direction from which wind is blowing at a known height above the surface which is to be specified in the metadata,degrees,,Near Surface
205,Wind gust,Land surface,"m.s, ","Maximum value, over the observing cycle, of the 3-second running average wind speed",m.s,"Aeronautical Meteorology,Agricultural Meteorology,Nowcasting / VSRF","Land surface,Near Surface"
181,Wind speed (near surface),Basic atmospheric,m/s,Speed of air at a known height above the surface which is to be specified in the metadata,m/s,"Aeronautical Meteorology,Agricultural Meteorology,Climate Monitoring (GCOS),Climate-OOPC (deprecated),Global NWP,High Res NWP,Nowcasting / VSRF",Near Surface
182,Wind stress,Ocean,,The shear force per unit area exerted by wind blowing over the sea surface - ,Pa,"Climate Monitoring (GCOS),Ocean Applications",Sea surface
183,Wind vector (near surface),Basic atmospheric,m/s,"Horizontal wind vector, at a known height above the surface which is to be sprcified in the metadata",m/s,"Aeronautical Meteorology,Agricultural Meteorology,CLIC (deprecated),CLIVAR (deprecated),Climate Modelling Research (deprecated),Climate-AOPC (deprecated),Climate-OOPC (deprecated),Global NWP,High Res NWP,Nowcasting / VSRF,Ocean Applications",Near Surface
251,X-ray flux,Solar monitoring," watt·m, ", Integrated X-ray flux. ,%,,"Geo,Helio,Ionos,L1,Leo,Meo"
250,X-ray flux spectrum,Solar monitoring," W·m,·Å, ", Energy spectrum of the integrated X-ray flux. ,%,,"Geo,Helio,Ionos,L1,Leo,Meo"
263,X-ray sky image,Solar monitoring,"erg·(cm, arcsec s)",X-ray image of the sky,%,,"Geo,Helio,Ionos,L1,Leo,Meo"
78,HDO,Atmospheric chemistry,dimensionless(mol/mol),"3D field of amount  of HDO (Water vapour (with one hydrogen nucleus replaced by its deuterium isotope) , expressed in moles) divided by the total amount of all constituents in dry air (also expressed in moles) ",dimensionless(mol/mol),,"M,MUS,UTLS"
225,Heavy ion angular flux energy and mass spectrum,Energetic particles and solar wind ,"ions·(cm, s sr MeV/nuc)","Flux density energy and mass spectrum of heavy ions ranging from Helium to Iron, per unit solid angle",%,Space Weather,"Geo,Helio,Ionos,L1,Leo,Magnet,Meo,Sun"
271,Heavy ion differential directional flux,Energetic particles and solar wind ," ions·(cm, s sr MeV), ",Flux density of heavy ions (eavier than Helium) per unit solid angle,%,,"Geo,Helio,Ionos,L1,Leo,Magnet,Meo,Sun"
79,Heavy ion flux energy and mass spectrum,Energetic particles and solar wind ,"ions·(cm, s MeV/nuc)",Flux density energy and mass spectrum of heavy ions ranging from Helium to Iron.,%,,"Geo,Helio,Ionos,L1,Leo,Magnet,Meo,Sun"
226,Heavy ion integral directional flux,Energetic particles and solar wind ," ions·(cm, s sr), ",Flux density of heavy ions ranging from Helium to Iron.,%,,"Geo,Helio,Ionos,L1,Leo,Magnet,Meo,Sun"
80,Height of the top of PBL,Basic atmospheric,km,Height of the surface separating the PBL from the free atmosphere ,km,"Aeronautical Meteorology,Nowcasting / VSRF",n/a (2D)
81,Height of the tropopause,Basic atmospheric,km,Height of the surface separating the troposphere from the stratosphere ,km,Nowcasting / VSRF,n/a (2D)
82,Heliospheric image,Solar monitoring,"erg·(cm, arcsec s)",Image of the interplanetary space between the Sun and Earth,"erg·(cm, arcsec s)",Space Weather,Helio
83,hmF2,Ionospheric disturbances,km,Altitude of the peak density in the ionospheric F2 layer. ,km,Space Weather,"Ionos,n/a (2D)"
84,HNO3,Atmospheric chemistry,Dimentionless (mol/mol)," 3D field of amount of HNO<sub>3</sub> (Nitric acid, expressed in moles) divided by the total amount of all constituents in dry air (also expressed in moles) ",Dimentionless (mol/mol),Atmospheric Chemistry (deprecated),"FT,M,MUS,PBL,TC,UTLS"
211,Hydrometeor type,Clouds and precipitations,,"3D field of the predominant form of condensed water in a volume of free atmosphere, including liquid cloud, rain, ice crystals, snow, graupel and hail. (This variable replaces ""precipitation type"").",,,"FT,PBL"
85,Ice sheet topography,Land surface,cm,Map of ice sheet height over land .,cm,"CLIC (deprecated),Climate-TOPC (deprecated)",Land surface
86,Icing potential,Clouds and precipitations,,"3D field of super-cooled liquid water, enabling the formation of ice coating on an object. ",,Aeronautical Meteorology,"FT,PBL"
162,Integrated Water Vapour (IWV),Basic atmospheric,kg.m,Total amount of water vapour present in a vertical atmospheric column.,kg.m,"Climate Monitoring (GCOS),Climate-AOPC (deprecated),Global NWP,High Res NWP,Nowcasting / VSRF",TC
87,Interplanetary magnetic field,Energetic particles and solar wind ,nanoTesla (nT),Vector magnetic field (3D) in the solar wind. The reference frame is Cartesian or Cylindrical with many different axis orientations. Important in Space Weather to monitor magnetic disturbances of the near earth environment.,nanoTesla (nT),Space Weather,"L1,L4-L5"
279,Ionospheric plasma density,Ionospheric disturbances,particles·m,Total number of ionized particles in a volume unit of ionospheric plasma,particles·m,,Ionos
88,Ionospheric plasma velocity,Ionospheric disturbances,km·s,Velocity of bulk plasma or electrons (depending on measurement technique) as a function of altitude in the ionosphere.,km·s,Space Weather,Ionos
89,Ionospheric Radio Absorption,Ionospheric disturbances,dB,Attenuation of a radio wave passing through the lower ionosphere. ,dB,Space Weather,Ionos
90,Ionospheric Scintillation,Ionospheric disturbances,dimensionless,Random fluctuations of radio waves resulting of small scale variations of the ionospheric electron density in space and time.,%,Space Weather,Ionos
91,Ionospheric Vertical Total Electron Content (VTEC),Ionospheric disturbances,"TECU = 10, electrons·m",Number of electrons between two points. ,TECU,Space Weather,Ionos
92,Lake area,Land surface,m,Aera extent of the surface of a lake,m,"Climate Monitoring (GCOS),Climate-TOPC (deprecated),Hydrology",Land surface
93,Lake level,Land surface,cm,Map of the height of the lake surface.,cm,"Climate Monitoring (GCOS),Climate-TOPC (deprecated)",Land surface
94,Lake Surface Temperature,Land surface,K,Temperature of the lake surface - Physical unit: [ K ] - Accuracy unit: [ K ].,K,"Climate Monitoring (GCOS),Climate-TOPC (deprecated)",Land surface
95,Land cover,Land surface,Classes,"Processed from land surface imagery by assigning identified cluster(s) within a given area to specific classes of objects - Accuracy expressed as number of classes. Actually [ classes-1 ] is used, so that smaller figure corresponds to better performance, as usual.",Classes,"Agricultural Meteorology,Climate Monitoring (GCOS),Climate-TOPC (deprecated),Hydrology",Land surface
96,Land surface temperature,Land surface,K,Temperature of the apparent surface of land (bare soil or vegetation) - Physical unit: [ K ] - Accuracy unit: [ K ].,K,"Agricultural Meteorology,Climate Monitoring (GCOS),Climate-AOPC (deprecated),GEWEX (deprecated),Global NWP,High Res NWP,Hydrology,Nowcasting / VSRF",Land surface
97,Land surface topography,Land surface,m,Map of land surface heights - Physical unit: [ m ] - Accuracy unit: [ m ].,m,"Climate-TOPC (deprecated),Hydrology",Land surface
98,Leaf Area Index (LAI),Land surface,%,LAI is the total one-sided area of photosynthetic tissue per unit ground surface area ,%,"Agricultural Meteorology,Climate Monitoring (GCOS),Climate-TOPC (deprecated),Global NWP,High Res NWP,Hydrology",Land surface
100,Long-wave Earth surface emissivity,Aerosols and radiation,%,"Emissivity of the Earth surface in the thermal IR, function of the wavelength ",%,"Global NWP,High Res NWP,Hydrology",Land surface
101,Melting layer depth in clouds,Clouds and precipitations,km,Depth of the atmospheric layer in cloud where liquid-solid states transform into each other,km,,n/a (2D)
209,Meteorological Optical Range (MOR) (surface),Aerosols and radiation,m,"Length of path in the atmosphere required to reduce the luminous flux in a collimated beam from an incandescent lamp, at a colour temperature of 2 700 K, to 5 per cent of its original value, the luminous flux being evaluated by means of the photometric luminosity function of the International Commission on Illumination.  For aeronautical purposes, the surface MOR is measured at a height of 2.5 m above the surface. 
(Unit: m )
",m,Aeronautical Meteorology,Near Surface
324,N(15)NO Delta,Atmospheric chemistry,‰, 3D field of Delta N-15 in N2O (Nitrous oxide) (isotopic signature),‰,Monitoring Atmospheric Composition,"FT,M,MUS,Near Surface,PBL,UTLS"
333,N(15)NO-Alpha Delta,Atmospheric chemistry,‰, 3D field of Delta N-15 in Alpha-N2O (Nitrous oxide where the outer Nitrogen atom is N-15)  (isotopic signature),‰,Monitoring Atmospheric Composition,"FT,M,MUS,Near Surface,PBL,UTLS"
334,N(15)NO-Beta Delta,Atmospheric chemistry,‰, 3D field of Delta N-15 in Beta-N2O (Nitrous oxide where the middle Nitrogen atom is N-15) (isotopic signature),‰,Monitoring Atmospheric Composition,"FT,M,MUS,Near Surface,PBL,UTLS"
325,N2(18)O Delta,Atmospheric chemistry,‰, 3D field of Delta O-18 in N2O (Nitrous oxide) (isotopic signature),‰,Monitoring Atmospheric Composition,"FT,M,MUS,Near Surface,PBL,UTLS"
102,N2O mole fraction,Atmospheric chemistry,ppb,"3D field of amount  of N<sub>2</sub>O (Nitrous oxide, expressed in moles) divided by the total amount of all constituents in dry air (also expressed in moles) ",ppb,"Atmospheric Chemistry (deprecated),Climate Monitoring (GCOS),Forecasting Atmospheric Composition,Monitoring Atmospheric Composition","FT,M,MUS,PBL,UTLS"
362,N2O mole fraction (BG),Atmospheric chemistry,ppb,"3D field of amount of  background (BG) N2O (Nitrous Oxide, expressed in moles) divided by the total amount of all constituents in dry air (also expressed in moles)",ppb,"Forecasting Atmospheric Composition,Monitoring Atmospheric Composition","FT,Near Surface,PBL,UTLS"
363,N2O mole fraction (SR),Atmospheric chemistry,ppb,"3D field of amount of  source region (SR) N2O (Nitrous Oxide,  expressed in moles) divided by the total amount of all constituents in dry air (also expressed in moles)",ppb,"Forecasting Atmospheric Composition,Monitoring Atmospheric Composition","FT,Near Surface,PBL,UTLS"
351,N2O5,Atmospheric chemistry,dimentionless (mol/mol), 3D field of amount of N2O5 (expressed in moles) divided by the total amount of all constituents in dry air (also expressed in moles),Dimentionless (mol/mol),,"FT,M,MUS,PBL,UTLS"
328,NH3 Mole Fraction,Atmospheric chemistry, Dimentionless (mol/mol)," 3D field of amount of  NH3 (Ammonia, expressed in moles) divided by the total amount of all constituents in dry air (also expressed in moles) ",Dimentionless (mol/mol),,"FT,M,MUS,PBL,UTLS"
330,NH3 Total Column,Atmospheric chemistry,  molecules.cm-2, 2D field of total amount of NH3 molecules (Ammonia) per unit area in an atmospheric column extending from the Earth’s surface to the upper edge of the atmosphere.,%,,TC
311,NIR/SWIR flux,Solar monitoring,watt·m,Integrated NIR/SWIR flux,%,,"Geo,Helio,Ionos,L1,Leo,Magnet,Meo,Sun"
312,NIR/SWIR flux spectrum,Solar monitoring,"watt.m,.nm",Energy spectrum of diffuse NIR/SWIR flux measured in space,%,,"Geo,Helio,Ionos,L1,Leo,Magnet,Meo,Sun"
313,NIR/SWIR sky image,Solar monitoring,"erg·(cm, arcsec s)",NIR/SWIR image of the sky,%,,"Geo,Helio,Ionos,L1,Leo,Magnet,Meo,Sun"
104,NO,Atmospheric chemistry,Dimentionless (mol/mol), 3D field of amount of NO expressed in moles divided by the total amount of all constituents in dry air (also expressed in moles) ,Dimentionless (mol/mol),Atmospheric Chemistry (deprecated),"FT,M,MUS,PBL,UTLS"
106,NO2  Total Column,Atmospheric chemistry,molecules/cm,2D field of total amount of NO2 molecules per unit area in an atmospheric column extending from the Earth’s surface to the upper edge of the atmosphere. ,%,Atmospheric Chemistry (deprecated),TC
349,NO2 Mole  fraction (SR),Atmospheric chemistry, Dimentionless (mol/mol), 3D field of amount of Source Region (SR) NO2 (expressed in moles) divided by the total amount of all constituents in dry air (also expressed in moles),Dimentionless (nmol/mol),,"FT,M,MUS,Near Surface,PBL,TC,TrC,UTLS"
105,NO2 mole fraction,Atmospheric chemistry,ppb," 3D field of amount of NO<sub>2</sub> (Nitrogen dioxide,  expressed in moles) divided by the total amount of all constituents in dry air (also expressed in moles). ",ppb,"Atmospheric Chemistry (deprecated),Climate Monitoring (GCOS),Forecasting Atmospheric Composition,Monitoring Atmospheric Composition,Providing Atmospheric Composition information  to support services in urban and populated areas","FT,M,MUS,PBL,UTLS"
348,NO2 Mole fraction (BG),Atmospheric chemistry, Dimentionless (mol/mol), 3D field of amount of  background (BG) NO2 (expressed in moles) divided by the total amount of all constituents in dry air (also expressed in moles),Dimentionless (nmol/mol),,"FT,M,MUS,Near Surface,PBL,TC,TrC,UTLS"
366,NO2 mole fraction (near surface),Atmospheric chemistry,ppb,"2D field of amount of NO2 (Nitrogen Dioxide, expressed in moles) divided by the total amount of all constituents in dry air (also expressed in moles) at a known height above surface, with the height specified in the metadata",ppb,"Forecasting Atmospheric Composition,Monitoring Atmospheric Composition,Providing Atmospheric Composition information  to support services in urban and populated areas",Near Surface
364,NO2 Stratospheric Column,Atmospheric chemistry,molecules/cm,2D field of total amount of NO2 molecules (Nitrogen Dioxide) per unit area in an atmospheric column extending from the tropopause to the stratopause,molecules/cm,"Climate Monitoring (GCOS),Forecasting Atmospheric Composition,Monitoring Atmospheric Composition",
285,C5H8,Atmospheric chemistry,dimensionless (mol/mol),"3D field of amountof C<sub>5</sub>H<sub>8</sub> (Isoprene,expressed in moles) divided by the total amount of all constituents in dry air (also expressed in moles).",dimensionless (mol/mol),,"FT,M,MUS,PBL,TC,UTLS"
286,C6H6,Atmospheric chemistry,dimensionless (mol/mol),"3D field of amount of C<sub>6</sub>H<sub>6</sub> (Benzene, expressed in moles) divided by the total amount of all constituents in dry air (also expressed in moles).",dimensionless (mol/mol),,"FT,M,MUS,PBL,TC,UTLS"
287,C7H8 Mole Fraction,Atmospheric chemistry,dimensionless (mol/mol),"3D field of dry air mole fraction of C<sub>7</sub>H<sub>8</sub> (Toluene,expressed in moles) divided by the total amount of all constituents in dry air (also expressed in moles). ",dimensionless (mol/mol),,"FT,M,MUS,PBL,TC,UTLS"
19,CFC-11,Atmospheric chemistry,dimensionless (mol/mol),"3D field of amount of CFC-11 (Trichlorofluoromethane = Freon-11,expressed in moles) divided by the total amount of all constituents in dry air (also expressed in moles). ",dimensionless (mol/mol),Atmospheric Chemistry (deprecated),"FT,M,MUS,PBL,UTLS"
20,CFC-12,Atmospheric chemistry,dimensionless (mol/mol),"3D field of amount of CFC-12 (Dichlorodifluoromethane = Freon-12, expressed in moles) divided by the total amount of all constituents in dry air (also expressed in moles) . ",dimensionless (mol/mol),Atmospheric Chemistry (deprecated),"FT,M,MUS,PBL,UTLS"
309,CH3Br,Atmospheric chemistry,dimensionless (mol/mol),"3D field of amount of CH<sub>3</sub>Br (methil bromide, or bromomethane, expressed in moles) divided by the total amount of all constituents in dry air (also expressed in moles). ",dimensionless (mol/mol),,"FT,M,MUS,PBL,UTLS"
297,CH3CN Mole Fraction,Atmospheric chemistry,dimensionless (mol/mol),"3D field of amount of CH<sub>3</sub>CN (Acetonitrile, expressed in moles) divided by the total amount of all constituents in dry air (also expressed in moles). ",dimensionless (mol/mol),,"FT,M,MUS,PBL,UTLS"
320,CH3D Delta,Atmospheric chemistry,‰, 3D field of Delta Deuterium (H-2) in CH4 (Methane) (isotopic signature),‰,Monitoring Atmospheric Composition,"FT,M,MUS,Near Surface,PBL,UTLS"
293,CH3OH Mole Fraction,Atmospheric chemistry, dimensionless (mol/mol) ,"3D field of amount of CH<sub>3</sub>OH (Methanol, expressed in moles) divided by the total amount of all constituents in dry air (also expressed in moles). ",dimensionless (mol/mol),Forecasting Atmospheric Composition,"FT,M,MUS,PBL,UTLS"
315,CH4 column average dry air mixing ratio ,Atmospheric chemistry,nmol/mol,"2D Column integrated number of molecules of the target gas (CH4, methane) divided by that of dry air expressed in mole fraction",nmol/mol,"Climate Monitoring (GCOS),Forecasting Atmospheric Composition,Monitoring Atmospheric Composition,Providing Atmospheric Composition information  to support services in urban and populated areas",TC
23,CH4 mole fraction,Atmospheric chemistry,ppb,"3D field of amount of CH4 (Methane, expressed in moles) divided by the total amount of all constituents in dry air (also expressed in moles)",ppb,"Atmospheric Chemistry (deprecated),Climate Monitoring (GCOS),Climate-AOPC (deprecated),Providing Atmospheric Composition information  to support services in urban and populated areas","FT,M,MUS,PBL,TC,TrC,UTLS"
346,CH4 Mole fraction (BG),Atmospheric chemistry,ppb," 3D field of amount of  background (BG) CH4 (Carbon Dioxide, expressed in moles) divided by the total amount of all constituents in dry air (also expressed in moles)",ppb,"Forecasting Atmospheric Composition,Monitoring Atmospheric Composition","Cloud-top,FT,MUS,Near Surface,PBL,TC,TOA,TrC,UTLS"
347,CH4 Mole fraction (SR),Atmospheric chemistry,ppb," 3D field of amount of  source region (SR) CH4 (Carbon Dioxide, expressed in moles) divided by the total amount of all constituents in dry air (also expressed in moles)",ppb,"Forecasting Atmospheric Composition,Monitoring Atmospheric Composition","FT,M,MUS,Near Surface,PBL,TC,TrC,UTLS"
340,CH4 Tropospheric column,Atmospheric chemistry,molecules.cm, 2D field of total amount of CH4 molecules per unit area in an atmospheric column extending from the Earth’s surface to the tropopause. ,%,Climate Monitoring (GCOS),TrC
24,ClO,Atmospheric chemistry,dimensionless (mol/mol),"3D field of amount  of ClO (Chlorine monoxide = Hypochlorite, expressed in moles) divided by the total amount of all constituents in dry air (also expressed in moles) ",dimensionless (mol/mol),Atmospheric Chemistry (deprecated),"FT,M,MUS,PBL,UTLS"
25,ClONO2,Atmospheric chemistry,dimensionless (mol/mol),"3D field of amount of ClONO<sub>2</sub> (Chlorine nitrate, expressed in moles) divided by the total amount of all constituents in dry air (also expressed in moles)  ",dimensionless (mol/mol),Atmospheric Chemistry (deprecated),"FT,M,MUS,UTLS"
26,Cloud base height,Clouds and precipitations,km,Height of the bottom surface of the cloud ,km,"Aeronautical Meteorology,GEWEX (deprecated),Global NWP,High Res NWP,Nowcasting / VSRF",n/a (2D)
27,Cloud cover,Clouds and precipitations,%,3D field of fraction of sky filled by clouds.  ,%,"Aeronautical Meteorology,Climate Monitoring (GCOS),Climate-AOPC (deprecated),GEWEX (deprecated),Global NWP,High Res NWP,Nowcasting / VSRF,Ocean Applications","FT,PBL,TrC,UTLS"
28,Cloud drop effective radius,Clouds and precipitations,μm,"Size distribution of liquid water drops, assimilated to spheres of the same volume. Considered as both a 3D field throughout the troposphere and a 2D field at the top of cloud surface.",μm,"Aeronautical Meteorology,Climate Monitoring (GCOS),Global NWP,High Res NWP","Cloud-top,FT,PBL"
29,Cloud ice,Clouds and precipitations,g/kg,3D field of atmospheric water in the solid phase (precipitating or not).  ,%,"Aeronautical Meteorology,GEWEX (deprecated),Global NWP,High Res NWP","FT,M,MUS,PBL,UTLS"
31,Cloud ice effective radius,Clouds and precipitations,,"Size distribution of ice particles, assimilated to spheres of the same volume.  Considered as both a 3D field throughout the troposphere and a 2D field at the top of cloud surface",,Aeronautical Meteorology,"Cloud-top,FT,PBL"
30,Cloud ice Total Column,Clouds and precipitations,g.m,"2D Field of atmospheric water in the solid phase (precipitating or not), integrated over the total column.",g.m,"Climate-AOPC (deprecated),GEWEX (deprecated),Global NWP,High Res NWP",TC
32,Cloud liquid water (CLW),Clouds and precipitations,g/kg,3D field of atmospheric water in the liquid phase (precipitating or not).,%,"Aeronautical Meteorology,Climate Monitoring (GCOS),GEWEX (deprecated),Global NWP,High Res NWP","FT,PBL"
33,Cloud liquid water (CLW) total column,Clouds and precipitations,g.m,"2D Field of atmospheric water in the liquid phase (precipitating or not), integrated over the total column.",g.m,"Climate-AOPC (deprecated),GEWEX (deprecated),Global NWP,High Res NWP","TC,TrC"
34,Cloud optical depth,Clouds and precipitations,dimensionless,"Effective depth of a cloud from the viewpoint of radiation extinction. OD = exp(-K.Δz) where K is the extinction coefficient [km-1 ], Δz the vertical path [km] between the base and the top of the cloud and the reference wavelength to be specified in the metadata. ",dimless,"CLIC (deprecated),Climate Monitoring (GCOS)",TC
303,Cloud to Ground lightning density,Clouds and precipitations,Dimensionless,Number of detected cloud-to-ground flashes in the corresponding time interval and the space unit. The space unit (grid box) should be equal to the horizontal resolution and the accumulation time to the observing cycle,Dimensionless,"High Res NWP,Nowcasting / VSRF",Near Surface
35,Cloud top height,Clouds and precipitations,km,Height of the top of the cloud (highest cloud in case of multi-layer clouds) ,km,"CLIC (deprecated),Climate-AOPC (deprecated),Global NWP,High Res NWP,Nowcasting / VSRF",n/a (2D)
361,Cloud top pressure,Clouds and precipitations,hPa,Pressure at the top of the cloud,hPa,Climate Monitoring (GCOS),Cloud-top
36,Cloud top temperature,Clouds and precipitations,K,Temperature of the top of the cloud (highest cloud in case of multi-layer clouds) ,K,"Climate Monitoring (GCOS),Climate-AOPC (deprecated),GEWEX (deprecated),Nowcasting / VSRF",Cloud-top
37,Cloud type,Clouds and precipitations,Classes,"Result of cloud type classification - Accuracy expressed as inverse of number of classes, so that smaller figures correspond to better performance.",Classes ,"Aeronautical Meteorology,Atmospheric Chemistry (deprecated),Global NWP,High Res NWP,Nowcasting / VSRF",n/a (2D)
38,CO mole fraction,Atmospheric chemistry,ppb," 3D field of amount of CO (Carbon monoxide, expressed in moles) divided by the total amount of all constituents in dry air (also expressed in moles)",ppb,"Atmospheric Chemistry (deprecated),Climate Monitoring (GCOS),Forecasting Atmospheric Composition,Monitoring Atmospheric Composition,Providing Atmospheric Composition information  to support services in urban and populated areas","FT,PBL,UTLS"
367,CO mole fraction (near surface),Atmospheric chemistry,ppb,"2D field of amount of CO (Carbon monoxide, expressed in moles) divided by the total amount of all constituents in dry air (also expressed in moles) at a known height above surface, with the height specified in the metadata",ppb,"Forecasting Atmospheric Composition,Monitoring Atmospheric Composition,Providing Atmospheric Composition information  to support services in urban and populated areas",Near Surface
329,CO Total Column,Atmospheric chemistry, molecules.cm-2, 2D field of total number of CO modelcues (Carbon Monixide) per unit area in an atmospheric column extending from the Earth's  surface to the upper edge of the atmosphere.,%,,TC
343,CO Tropospheric column,Atmospheric chemistry,molecules.cm, 2D field of total amount of CO molecules per unit area in an atmospheric column extending from the Earth’s surface to the tropopause.  ,%,"Climate Monitoring (GCOS),Forecasting Atmospheric Composition,Monitoring Atmospheric Composition",TrC
314,CO2 column average dry air mixing ratio,Atmospheric chemistry,μmol/mol,"2D Column integrated number of molecules of the target gas (CO2, Carbon dioxide) divided by that of dry air expressed in mole fraction",μmol/mol,"Climate Monitoring (GCOS),Forecasting Atmospheric Composition,Monitoring Atmospheric Composition,Providing Atmospheric Composition information  to support services in urban and populated areas",TC
185,CO2 flux,Land surface,"nmol* m, *s",Flux of carbon dioxide from the surface to the atmosphere,"nmol* m, *s",,Land surface
39,CO2 mole fraction,Atmospheric chemistry,ppm,"3D field of amount of CO2 (Carbon dioxide, expressed in moles) divided by the total amount of all constituents in dry air (also expressed in moles)",ppm,"Atmospheric Chemistry (deprecated),Climate Monitoring (GCOS),Climate-AOPC (deprecated),Monitoring Atmospheric Composition,Providing Atmospheric Composition information  to support services in urban and populated areas",PBL
339,CO2 Mole fraction (BG),Atmospheric chemistry,ppm," 3D field of amount of  background (BG) CO2 (Carbon Dioxide, expressed in moles) divided by the total amount of all constituents in dry air (also expressed in moles)",ppm,"Forecasting Atmospheric Composition,Monitoring Atmospheric Composition","FT,MUS,Near Surface,PBL,TC,TOA,TrC,UTLS"
338,CO2 Mole fraction (SR),Atmospheric chemistry,ppm," 3D field of amount of  source region (SR) CO2 (Carbon Dioxide, expressed in moles) divided by the total amount of all constituents in dry air (also expressed in moles)",ppm,"Forecasting Atmospheric Composition,Monitoring Atmospheric Composition","FT,M,MUS,Near Surface,PBL,TC,TOA,TrC,UTLS"
337,CO2 Tropospheric Column,Atmospheric chemistry,molecules.cm,2D field of total amount of CO2 molecules per unit area in an atmospheric column extending from the Earth’s surface to the tropopause. ,%,Climate Monitoring (GCOS),TrC
40,Coastal sea level (tide),Ocean,cm,"Deviation of sea level from local references in coastal zones, caused by local currents and tides (astronomical and wind-induced).",cm,"Climate Monitoring (GCOS),Climate-OOPC (deprecated)",Bulk
41,Coastlines,Land surface,deg,Location of coastlines  (Lat/Long),deg,,Land surface
42,Colour Dissolved Organic Matter (CDOM),Ocean,m,Optically measurable component of the dissolved organic matter in water. ,m,"CLIVAR (deprecated),SIAF (deprecated),SSLP",Bulk
43,COS,Atmospheric chemistry,dimensionless (mol/mol),"3-D field of amount  of COS (Carbonyl sulfide, expressed in moles) divided by the total amount of all constituents in dry air (also expressed in moles) ",dimensionless (mol/mol),Atmospheric Chemistry (deprecated),"FT,PBL,UTLS"
44,Cosmic ray neutron flux,Energetic particles and solar wind , neutrons·h,Flux of neutrons near the surface of Earth due to collisions in the atmosphere of cosmic rays impacting Earth atmosphere from the Sun and outer space.,%,Space Weather,Near Surface
221,Cosmic ray neutron flux spectrum,Energetic particles and solar wind ,"neutrons·(cm, s sr MeV)",Flux density energy spectrum of neutrons from the Sun or as component of the cosmic radiation.,%,,"Geo,Helio,L1,Leo,Meo,Sun"
45,Crustal motion (horizontal and vertical),Solid Earth and magnetic field,mm/y,"Changes in time of the position and height of the Earth plates.  Indicative of the lithosphere dynamics, thus useful for earthquake prediction  - Physical unit: [ mm/y ] - Accuracy unit: [ mm/y ].",mm/y,,
46,Crustal plates positioning,Solid Earth and magnetic field,cm,Basis for monitoring the evolution of the lithosphere dynamics - Physical unit: [ cm ] - Accuracy unit: [ cm ].,cm,,
354,Dew Point Temperature,Basic atmospheric,K,"Temperature to which air must be cooled to become saturated with water vapor  at a known height  above surface, with the height specified in the metadata (K)",K,Climate Monitoring (GCOS),Near Surface
47,Dissolved inorganic carbon  (DIC),Ocean,"Mol. Kg, ","The cumulated concentration of inorganic carbon species (dissolved carbon dioxide, carbonic acid, bicarbonate and carbonate) in solution.",Mol. Kg,"Climate Monitoring (GCOS),Climate-OOPC (deprecated),SOLAS","Bulk,Upper oc"
342,NO2 Tropospheric column,Atmospheric chemistry,molecules/cm,2D field of total amount of NO2 molecules ( Nitrogen Dioxide) per unit area in an atmospheric column extending from the Earth’s surface to the tropopause. ,molecules/cm,"Climate Monitoring (GCOS),Forecasting Atmospheric Composition,Monitoring Atmospheric Composition,Providing Atmospheric Composition information  to support services in urban and populated areas",TrC
350,NO3 Mole Fraction,Atmospheric chemistry,dimentionless (mol/mol), 3D field of amount of NO3 (expressed in moles) divided by the total amount of all constituents in dry air (also expressed in moles),dimentionless (mol/mol),,"FT,M,MUS,PBL,UTLS"
107,Normalised Difference Vegetation Index (NDVI),Land surface,%,"Difference between maximum (in NIR) and minimum (around the Red) vegetation reflectance, normalised to the summation.  Representative of total biomass, supportive for computing LAI if not directly measured",%,"Agricultural Meteorology,Global NWP,High Res NWP,Hydrology,Nowcasting / VSRF",Land surface
108,O3,Atmospheric chemistry,Dimentionless (mol/mol),"3D field of amount of O3 (Ozone, expressed in moles) divided by the total amount of all constituents in air (also expressed in moles).",Dimentionless (mol/mol),"Agricultural Meteorology,Atmospheric Chemistry (deprecated),Climate Monitoring (GCOS),Climate-AOPC (deprecated),Global NWP,High Res NWP,SPARC (deprecated)","FT,M,MUS,PBL,UTLS"
365,O3 mole fraction,Atmospheric chemistry, % ,"3D field of amount of O<sub>3</sub> (Ozone, expressed in moles) in the troposphere divided by the total amount of all constituents in dry air (also expressed in moles)",%,"Monitoring Atmospheric Composition,Providing Atmospheric Composition information  to support services in urban and populated areas","FT,MUS,Near Surface,PBL,TC,TrC,UTLS"
370,O3 Stratospheric Column,Atmospheric chemistry,%,2D field of total amount of O3 (ozone) molecules per unit area in an atmospheric column extending from tropopause to stratopause,%,,
109,O3 Total Column,Atmospheric chemistry,"molecules.cm, *",2D field of total amount of O3 molecules per unit area  in an atmospheric column extending from the Earth’s surface to the upper edge of the atmosphere (Dobson units).,%,"Atmospheric Chemistry (deprecated),Climate Monitoring (GCOS),Climate-AOPC (deprecated),Forecasting Atmospheric Composition,Global NWP,High Res NWP,Monitoring Atmospheric Composition","TC,TrC"
369,O3 Tropospheric Column,Atmospheric chemistry,%,2D field of total amount of O3 (ozone) molecules per unit area in an atmospheric column extending from the Earth’s surface to the to the tropopause,%,,TrC
110,Ocean chlorophyll concentration ,Ocean,mg/m,"Indicator of living phytoplankton biomass, extracted from ocean colour observation. Uncertainty is expressed in mg/m<sup>3</sup> for a given concentration of 1 mg/m<sup>3</sup> .",mg/m,"CLIVAR (deprecated),Climate Monitoring (GCOS),Climate-OOPC (deprecated),Ocean Applications,SIAF (deprecated),SSLP",Bulk
111,Ocean Diffuse Attenuation Coefficient (DAC),Ocean,"m, ","Indicator of water turbidity and vertical processes in the ocean, extracted from ocean colour observation. ",m,,Bulk
112,Ocean dynamic topography,Ocean,cm,Deviation of sea level from the geoid caused by ocean currents (after corrections for tides and atmospheric pressure effects) - Physical unit: [ cm ] - Accuracy unit: [ cm ].,cm,"CLIVAR (deprecated),Climate Monitoring (GCOS),Climate-OOPC (deprecated),Hydrology,Ocean Applications,SIAF (deprecated),SSLP",Sea surface
113,Ocean salinity,Ocean,psu,"3D field of salinity of the ocean  Requested in upper and deep ocean - Physical unit: [ psu ], Practical Salinity Unit, close to 1 ",psu,"Climate Monitoring (GCOS),Climate-OOPC (deprecated),Global NWP,Ocean Applications","Deep oc,Upper oc"
114,Ocean subsurface dissolved oxygen concentration,Ocean,"10 , Mol. Kg^-1 ",Concentration of dissolved oxygen,"10 , Mol. Kg^-1",Climate Monitoring (GCOS),Bulk
115,Ocean subsurface tracers,Ocean,Mol. Kg^-1 ,Concentration of trace molecules such as tritium and CFCs ,%,Climate Monitoring (GCOS),Bulk
116,Ocean surface currents (vector),Ocean,cm/s,"Water flow on ocean surface - Physical unit: [ cm/s ] - Accuracy unit: [ cm/s ] intended as vector error, i.e. the module of the vector difference between the observed vector and the true vector.",cm/s,"Climate Monitoring (GCOS),Nowcasting / VSRF,Ocean Applications","Bulk,Sea surface"
117,Ocean suspended sediments concentration,Ocean,g/m,"Variable extracted from ocean colour observation. Indicative of river outflow, re-suspension or pollution of other-than-biological origin. Uncertainty expressed in g/m<sup>3</sup> at a specific concentration (e.g., 2 g/m<sup>3</sup> ).",g/m,"CLIVAR (deprecated),SIAF (deprecated),SSLP","Bulk,Upper oc"
118,Ocean temperature,Ocean,K,3D field of temperature of the ocean  Requested in upper and deep ocean.,K,"Climate Monitoring (GCOS),Climate-OOPC (deprecated),Global NWP,Ocean Applications","Deep oc,Upper oc"
119,Ocean velocity,Ocean,cm/s,Ocean motion measured at various depth levels.,cm/s,"Climate Monitoring (GCOS),Ocean Applications","Deep oc,Upper oc"
336,OCS Mole fraction,Atmospheric chemistry, Dimentionless (mol/mol)," 3D field of amount of OCS (Carbonyl sulfide, expressed in moles) divided by the total amount of all constituents in dry air (also expressed in moles)",Dimentionless (mol/mol),,"FT,M,MUS,PBL,UTLS"
120,OH,Atmospheric chemistry,dimensionless (mole/mole)," 3D field of amount of OH (Hydroxil radical, expressed in moles) divided by the total amount of all constituents in dry air (also expressed in moles) ",dimensionless (mole/mole),Atmospheric Chemistry (deprecated),"FT,M,MUS,PBL,UTLS"
121,Oil spill cover,Ocean,%,"Fraction of an ocean area polluted by hydrocarbons released from ships or off-shore platforms, accidentally or deliberately.",%,,"Bulk,Sea surface"
122,PAN,Atmospheric chemistry,Dimentionless (mol/mol)," 3D field of amount of PAN (Peroxy Acetyl Nitrate, expressed in moles) divided by the total amount of all constituents in dry air (also expressed in moles) ",Dimentionless (mol/mol),,"FT,PBL"
123,pCO2,Ocean,microatm,Partial pressure of carbon dioxide at the surface of the sea ,microatm,"Agricultural Meteorology,Climate Monitoring (GCOS),Climate-OOPC (deprecated),SOLAS","Near Surface,Sea surface"
124,Permafrost,Land surface,%,,,"Climate-TOPC (deprecated),Hydrology",Land surface
125,pH,Ocean,Dimensionless,"The hydrogen ion concentration in seawater, which is a measure of acidity and alkalinity",pH units,SOLAS,Sea surface
126,Photosynthetically Active Radiation (PAR),Aerosols and radiation,W.m,Flux of downwelling photons of wavelength 0.4-0.7 ,W.m,,Near Surface
127,Precipitation  (liquid or solid),Clouds and precipitations,g .s^-1 .m^-2,3D field of the vertical flux of precipitating water mass (precipitation intensity)  ,%,Aeronautical Meteorology,"FT,PBL"
128,Precipitation intensity at surface (liquid or solid),Clouds and precipitations,mm/h,"Intensity of precipitation reaching the ground - Physical unit: [ mm/h ] (if solid, mm/h of liquid water after melting) - Accuracy unit: [ mm/h ]. Since accuracy changes with intensity, it is necessary to specify a reference intensity. Assumed rate: 5 mm/h.",mm/h,"Aeronautical Meteorology,Agricultural Meteorology,Climate Monitoring (GCOS),Climate-AOPC (deprecated),Global NWP,High Res NWP,Nowcasting / VSRF,Ocean Applications",Near Surface
129,Precipitation intensity at surface (solid),Clouds and precipitations,mm/h,Intensity of solid precipitation reaching the ground - Physical unit: [ mm/h ] (mm of liquid water after melting)  ,mm/h,"Aeronautical Meteorology,Agricultural Meteorology,Climate-AOPC (deprecated),Global NWP,High Res NWP,Nowcasting / VSRF",Near Surface
207,Precipitation type at the surface,Clouds and precipitations,local,"The type of precipitation reaching the surface, including snow, rain, hail, dew, rime, hoar frost and fog precipitation.",,"Aeronautical Meteorology,High Res NWP",Near Surface
130,Proton differential directional flux,Energetic particles and solar wind ,"protons·(cm, s sr eV)","Flux density energy spectrum of low-, medium-, and high-energy protons from the magnetosphere, the radiation belts or the interplanetary medium, per unit solid angle.",%,Space Weather,"Geo,Helio,Ionos,L1,Leo,Magnet,Meo,Sun"
220,Proton integral directional flux,Energetic particles and solar wind ,"protons·(cm, s sr)","Flux density of low-, medium-, and high-energy protons from the magnetosphere, the radiation belts or the interplanetary medium.",%,,"Geo,Helio,Ionos,L1,Leo,Magnet,Meo,Sun"
131,PSC occurrence,Atmospheric chemistry,"HR, FAR",3D field of Polar Stratospheric Clouds occurrence. - Accuracy expressed as Hit Rate [ HR ] and False Alarm Rate [ FAR ].  Simplified: [ FAR/HR],FAR/HR,,UTLS
215,Radiation Dose Rate,Energetic particles and solar wind ,mSv·h,3D field of the dose rate of energetic particles,%,"Aeronautical Meteorology,Space Weather",UTLS
360,Radiation profile,Aerosols and radiation,W/m2,Vertical profile of upward and downward LW and SW radiation components,W/m2,,
257,Radio-waves,Solar monitoring,watt·m,"Travelling radio-waves of solar, galactic and extragalactic origin, entering the Earth’s environment.",%,,"Ionos,Magnet"
355,Relative humidity,Basic atmospheric,%,3D field of relative humidity in the atmosphere. Relative humidity is the ratio of the amount of atmospheric moisture present relative to the amount that would be present if the air were saturated with respct to water or ice to be specified in the metadata,%,Climate Monitoring (GCOS),"FT,PBL,UTLS"
353,Relative Humidity (near surface),Basic atmospheric,%,"Relative  humidity  at a known height  above surface, with the height specified in the metadata.Relative humidity is the ratio of the amount of atmospheric moisture present relative to the amount that would be present if the air were saturated with respect to water or ice to be specified in the metadata ",%,Climate Monitoring (GCOS),Near Surface
132,River discharge,Land surface,m^3  . s^-1,Volume of water flowing through a river per unit of time ,m^3  . s^-1,"Climate Monitoring (GCOS),Climate-TOPC (deprecated),Ocean Applications",Land surface
192,Sea surface heat flux,Ocean,W/m,Sea Surface Heat Flux,W/m,"Climate Monitoring (GCOS),Ocean Applications","Bulk,Sea surface"
193,Sea surface height anomaly,Ocean,m,Sea surface height anomaly,m,Ocean Applications,"Bulk,Sea surface"
194,Sea Surface Mass Flux,Ocean,mm/h,Sea Surface Mass Flux,mm/h,Ocean Applications,"Bulk,Sea surface"
133,Sea surface salinity,Ocean,psu,Salinity of sea water in the surface layer (upper ~ 1 m if observed in MW).  In the open ocean the correct term should be  “halinity” with reference of the diversity of salts involved.,psu,"CLIVAR (deprecated),Climate Monitoring (GCOS),Climate-OOPC (deprecated),Global NWP,Ocean Applications,SIAF (deprecated),SSLP",Sea surface
134,Sea surface temperature,Ocean,K,"Temperature of the sea water at surface.   The “bulk” temperature refers to the depth of typically 2 m, the “skin” temperature refers to within the upper 1 mm. ",K,"Aeronautical Meteorology,CLIC (deprecated),CLIVAR (deprecated),Climate Modelling Research (deprecated),Climate Monitoring (GCOS),Climate-AOPC (deprecated),Climate-OOPC (deprecated),Global NWP,High Res NWP,Nowcasting / VSRF,Ocean Applications,SIAF (deprecated),SSLP","Bulk,Sea surface"
135,Sea-ice cover,Sea Ice,%,Fraction of an ocean area where ice is present,%,"CLIC (deprecated),CLIVAR (deprecated),Climate Modelling Research (deprecated),Climate Monitoring (GCOS),Climate-OOPC (deprecated),Global NWP,High Res NWP,Hydrology,Nowcasting / VSRF,Ocean Applications",Sea surface
136,Sea-ice elevation,Sea Ice,cm,Elevation of the surface of the sea-ice sheet above sea level,cm,"CLIC (deprecated),Hydrology",Sea surface
198,Sea-ice motion,Sea Ice,"km*d, ",Sea-ice motion,km*d,"Climate Monitoring (GCOS),Ocean Applications",Sea surface
200,Sea-ice surface characteristics,Sea Ice,%,"Sea-ice surface characteristics (albedo, meltpond, dust, snow properties, temperature)",%,Ocean Applications,Sea surface
137,Sea-ice surface temperature,Sea Ice,K,Temperature of the surface of sea-ice.,K,"CLIC (deprecated),Global NWP,High Res NWP",Sea surface
138,Sea-ice thickness,Sea Ice,cm,Thickness of the ice sheet. It is related to sea-ice elevation and ice density ,cm,"CLIC (deprecated),Climate Monitoring (GCOS),Climate-OOPC (deprecated),Global NWP,High Res NWP,Ocean Applications",Sea surface
139,Sea-ice type,Sea Ice,Classes,"Variable convolving several factors (age, roughness, density, etc.) - Accuracy expressed as number of classes. Actually [ classes^-1 ] is used, so that smaller figure corresponds to better performance, as usual. ",Classes ,Global NWP,Sea surface
140,SF6,Atmospheric chemistry,dimensionless (mol/mol),"3D field of amount  of SF6 (Sulfur hexafluoride,   expressed in moles) divided by the total amount of all constituents in dry air (also expressed in moles). ",dimensionless (mol/mol),,"M,MUS,UTLS"
141,Short-wave cloud reflectance,Aerosols and radiation,%,Reflectance of the solar radiation from clouds ,%,Global NWP,Cloud-top
142,Significant wave height,Ocean,m,Average amplitude of the highest 30 of 100 waves.,m,"Climate Modelling Research (deprecated),Climate Monitoring (GCOS),Climate-AOPC (deprecated),Global NWP,High Res NWP,Ocean Applications",Sea surface
143,Snow cover,Land surface,%,Fraction of a given area which is covered by snow ,%,"Agricultural Meteorology,CLIC (deprecated),Climate Monitoring (GCOS),Climate-AOPC (deprecated),Climate-TOPC (deprecated),GEWEX (deprecated),Global NWP,High Res NWP,Hydrology,Nowcasting / VSRF",Land surface
206,Snow depth,Land surface,cm,"Vertical distance from the snow surface to the underlying surface (ground, glacier ice or sea ice).",cm,"Climate Monitoring (GCOS),Nowcasting / VSRF,Ocean Applications","Land surface,Sea surface"
144,Snow status (wet/dry),Land surface,Wet/Dry,Binary product (dry or melting/thawing) expressing the presence of liquid water in a snow layer- Accuracy expressed as Hit Rate [ HR ] and False Alarm Rate [ FAR ].,"HR, FAR",Hydrology,Land surface
145,Snow water equivalent,Land surface,mm,Vertical depth of the water that would be obtained by melting a snow layer.  Linked to snow depth through the density of the snow layer.,mm,"Agricultural Meteorology,CLIC (deprecated),Climate Monitoring (GCOS),Climate-AOPC (deprecated),GEWEX (deprecated),Global NWP,High Res NWP,Hydrology,SIAF (deprecated),SSLP",Land surface
146,SO2 mole fraction,Atmospheric chemistry,ppt," 3D field of amount of SO<sub>2</sub> (Sulfur dioxide, expressed in moles) divided by the total amount of all constituents in dry air (also expressed in moles) ",ppt,"Aeronautical Meteorology,Atmospheric Chemistry (deprecated),Forecasting Atmospheric Composition,Monitoring Atmospheric Composition,Providing Atmospheric Composition information  to support services in urban and populated areas","FT,PBL,UTLS"
368,SO2 mole fraction (near surface),Atmospheric chemistry,ppt,"2D field of amount of SO<sub>2</sub> (Sulfur dioxide, expressed in moles) divided by the total amount of all constituents in dry air (also expressed in moles) at a known height above surface, with the height specified in the metadata",ppt,"Forecasting Atmospheric Composition,Monitoring Atmospheric Composition,Providing Atmospheric Composition information  to support services in urban and populated areas",Near Surface
147,SO2 Total Column,Atmospheric chemistry,molecules/cm, 2D field of total amount of SO2 molecules (Sulfur dioxide) per unit area in an atmospheric column extending from the Earth’s surface to the upper edge of the atmosphere ,molecules/cm,"Climate Monitoring (GCOS),Forecasting Atmospheric Composition,Monitoring Atmospheric Composition",TC
352,SO2 Tropospheric Column,Atmospheric chemistry,molecules.cm, 2D field of total amount of SO2 molecules per unit area in an atmospheric column extending from the Earth’s surface to the tropopause. ,%,"Climate Monitoring (GCOS),Forecasting Atmospheric Composition,Monitoring Atmospheric Composition",TrC
148,Soil moisture  (in the roots region),Land surface,"m, /m",Sub-soil 3D field of the fractional content of water in a volume of wet soil. Requested from surface down to ~ 3 m,"m, /m",Climate Monitoring (GCOS),Root
149,Soil moisture at surface,Land surface,"m, /m",Fractional content of water in a volume of wet soil. Surface layer (upper few centimetres),"m, /m","Agricultural Meteorology,Climate Monitoring (GCOS),Climate-TOPC (deprecated),GEWEX (deprecated),Global NWP,High Res NWP,Hydrology,Nowcasting / VSRF,SIAF (deprecated),SSLP",Land surface
202,Soil temperature,Land surface,K,"The standard depths for soil temperature measurements
are 5, 10, 20, 50 and 100 cm below the
surface; additional depths may be included. The
site for such measurements should be a level plot of
bare ground (about 75 cm^2 ) and typical of the
surrounding soil for which information is required.",K,Agricultural Meteorology,Land surface
150,Soil type,Land surface,Classes,"Result of the classification of different types of soil within an area - Accuracy expressed as inverse of the number of classes, so that smaller figures correspond to better performance.",Classes ,Agricultural Meteorology,Land surface
151,Solar Ca II-K image,Solar monitoring,"erg·(cm, arcsec s)",Image of the Sun in the K-line of Ca-II  (393.4 nm),%,Space Weather,Sun
178,Solar coronagraphic image,Solar monitoring,"erg·(cm, arcsec s)",Image of the solar corona surrounding the Sun.,%,Space Weather,Sun
256,Solar electric field,Solar monitoring," mV·m,·arcsec, ", Map of magnitude and direction of the electric field at the solar surface (photosphere). ,%,,Sun
58,Solar EUV flux,Solar monitoring,W·m,Integrated EUV flux over the solar disk,%,Space Weather,"Geo,Helio,L1,L4-L5,Leo,Meo,TOA"
245,Solar EUV flux spectrum,Solar monitoring," W·m,·nm, ", Energy spectrum of the EUV flux integrated over the solar disk. ,%,,"Geo,L1,L4-L5,Leo,Meo,TOA"
152,Solar EUV image,Solar monitoring,"erg·(cm, arcsec s)","Images of the Sun in the Extreme Ultra-Violet (EUV) wavelengths in order to identify features such as filaments, active regions and coronal holes.",%,Space Weather,Sun
253,Solar gamma-ray flux,Solar monitoring," W·m, ", Integrated gamma-ray flux over the solar disk ,%,,Sun
252,Solar gamma-ray flux spectrum,Solar monitoring," W·m,·nm, ", Energy spectrum of the gamma-ray flux integrated over the solar disk ,%,,Sun
153,Solar H-alpha image,Solar monitoring,"erg·(cm, arcsec s)",Image of the Sun in the Hydrogen-alpha transition wavelength (656.3 nm). ,%,Space Weather,Sun
276,Solar Lyman-alpha flux,Solar monitoring,watt·m,Solar flux in the Hydrogen Lyman-alpha transition wavelength (121.6 nm),%,,Sun
275,Solar Lyman-alpha image,Solar monitoring,"erg·(cm, arcsec s)",Image of the Sun in the Hydrogen Lyman-alpha transition wavelength (121.6 nm),%,,Sun
154,Solar magnetic field,Solar monitoring,Gauss,Vector magnetic field (1D or 3D) at the solar surface (photosphere/chromosphere),Gauss,Space Weather,Sun
155,Solar radio flux,Solar monitoring,W·m,Integrated radio flux over the solar disk.,%,Space Weather,"Magnet,Near Surface,TOA"
59,Solar radio flux spectrum,Solar monitoring,"W·m,·Hz",Solar radio flux energy spectrum integrated over the solar disk.,"W·m,·Hz",,"Magnet,TOA"
301,Solar radio image,Solar monitoring,W.m ,2D image of the solar radio flux,W.m-2,,n/a (2D)
359,Solar spectral irradiance,Aerosols and radiation,W/m2/µm,Total Solar Irradiance (TSI); when measured as a function of wavelength it is the spectral irradiance ,W/m2/µm,Climate Monitoring (GCOS),
240,Solar UV flux,Solar monitoring," watt·m, ", Integrated UV flux over the solar disk. ,%,,Sun
238,Solar UV flux spectrum,Solar monitoring," W·m,·nm, ", Energy spectrum of the UV flux integrated over the solar disk. ,%,,Sun
241,Solar UV image,Solar monitoring," erg·(cm, arcsec s)", Images of the Sun in the UV wavelengths. ,%,,Sun
258,Solar velocity fields,Solar monitoring,"m·s,·arcsec"," Map of 3D velocity of particles of the Solar atmosphere, significant of the Sun interior. ",%,,Sun
265,Solar VIS flux,Solar monitoring," W·m, ", Integrated VIS flux over the solar disk ,%,,Sun
234,Solar VIS flux spectrum,Solar monitoring," W·m,·nm, ", Energy spectrum of the integrated VIS flux over the solar disk. ,%,,Sun
235,Solar VIS image,Solar monitoring," erg·(cm, arcsec s)", Images of the Sun in the VIS wavelengths. ,%,,Sun
156,Solar white light image,Solar monitoring,"erg·(cm, arcsec s)",Image of the Sun in white light,%,Space Weather,Sun
157,Solar wind density,Energetic particles and solar wind ,particles·cm,Density of solar wind plasma ,%,Space Weather,L1
158,Solar wind temperature,Energetic particles and solar wind ,K,Temperature of solar wind protons,%,Space Weather,L1
159,Solar wind velocity,Energetic particles and solar wind ,km·s,Vector velocity of solar wind plasma,%,Space Weather,L1
184,Solar X-ray flux,Solar monitoring,watt·m,Integrated X-ray flux over the solar disk,watt·m,Space Weather,"n/a,TOA"
249,Solar X-ray flux spectrum,Solar monitoring," W·m,·Á, ", Energy spectrum of the X-ray flux integrated over the solar disk. ,%,,TOA
160,Solar X-ray image,Solar monitoring,"erg·(cm, arcsec s)",Image of the Sun in X-ray wavelengths,%,Space Weather,Sun
161,Specific humidity,Basic atmospheric,g/kg,3D field of the specific humidity in the atmosphere. The specific humidity is the ratio between the mass of water vapour and the mass of moist air.,%,"Aeronautical Meteorology,Atmospheric Chemistry (deprecated),Climate Modelling Research (deprecated),Climate-AOPC (deprecated),Global NWP,High Res NWP,Nowcasting / VSRF,SPARC (deprecated)","FT,M,MUS,PBL,UTLS"
163,Spread F,Ionospheric disturbances,km,Vertical thickness of highly structured ion density in the F-region of the ionosphere. ,km,Space Weather,Ionos
164,Temperature of the tropopause,Basic atmospheric,K,Atmospheric temperature at the height of the surface separating the troposphere from the stratosphere ,K,Nowcasting / VSRF,n/a (2D)
165,Total alkalinity (AT),Ocean,Mol. Kg,The amount of acid necessary to titrate all weak bases in seawater. ,%,SOLAS,Sea surface
318,(13)CH4 delta,Atmospheric chemistry,‰," 3D field of Delta C-13 in CH4 (Methane) (isotopic signature). Isotopic ratio, expressed as deviations from an agreed-upon international reference measurement standard (which defines the corresponding isotope scales) using the delta notation: δ = (R<sub>sample</sub>/R<sub>reference</sub> – 1), with R = [rare isotope]/[abundant isotope]. ",‰,Monitoring Atmospheric Composition,"FT,M,MUS,Near Surface,PBL,UTLS"
321,(13)CO Delta,Atmospheric chemistry,‰, 3D field of Delta C-13 in CO (Carbon monoxide) (isotopic signature),‰,Monitoring Atmospheric Composition,"FT,M,MUS,Near Surface,PBL,UTLS"
332,(13)CO2 Delta,Atmospheric chemistry,‰, 3D field of Delta C-13 in CO2 (Carbon dioxide) (isotopic signature),‰,Monitoring Atmospheric Composition,"FT,M,MUS,Near Surface,PBL,UTLS"
319,(14)CH4 Delta,Atmospheric chemistry,‰, 3D field of Delta C-14 in CH4 (Methane) (isotopic signature),‰,Monitoring Atmospheric Composition,"FT,M,MUS,Near Surface,PBL,UTLS"
322,(14)CO Number Concentration,Atmospheric chemistry, mol.m-3, 3D field of amount of CO (Carbon monoxide) with C-14 isotope (mol) per air volume (m3),molec.cm-3,Monitoring Atmospheric Composition,"FT,MUS,Near Surface,PBL,UTLS"
316,(14)CO2 Delta,Atmospheric chemistry,‰,3D field of Delta C-14 in CO2 (Carbon dioxide) (isotopic signature),‰,Monitoring Atmospheric Composition,"FT,M,MUS,Near Surface,PBL,UTLS"
1,Accumulated precipitation (over 24 h),Clouds and precipitations,mm,Integration of precipitation rate reaching the ground over several time intervals. The reference requirement refers to integration over 24 h ,mm,"Agricultural Meteorology,Climate-AOPC (deprecated),GEWEX (deprecated),Global NWP,High Res NWP",Near Surface
213,Aerosol Absorption Optical Depth,Aerosols and radiation,Dimensionless,Vertical column integral of spectral aerosol absorption coefficient: AAOD = exp(-K. Δz) where K is the absorption coefficient [km<sup>-1</sup>] and Δz the vertical path [km] ,Dimensionless,Climate-AOPC (deprecated),"FT,M,MUS,PBL,TC,TrC,UTLS"
2,Aerosol column burden,Aerosols and radiation,g/m^2,2D field of the column burden of condensed particles in the atmosphere ,%,"Forecasting Atmospheric Composition,Global NWP,Nowcasting / VSRF,SIAF (deprecated),SSLP",TC
208,Aerosol dust concentration,Aerosols and radiation,g.kg,3-D field of concentration of dust or sand in the atmosphere,g.kg,Aeronautical Meteorology,"FT,Near Surface,PBL"
3,Aerosol effective radius,Aerosols and radiation,µm,"3D field of mean aerosol particle size, defined as the ratio of the third and second moments of the number size distribution of aerosol particles.  Requested in the troposphere (assumed height: 12 km) and as columnar average.",µm,,"FT,PBL,TC,TrC"
4,Aerosol Extinction Coefficient,Aerosols and radiation,m,3D field of spectral volumetric extinction cross-section of aerosol particles. ,m,"Aeronautical Meteorology,Climate Monitoring (GCOS),Climate-AOPC (deprecated),Forecasting Atmospheric Composition","FT,M,MUS,PBL,UTLS"
357,Aerosol Layer Height,Aerosols and radiation,km,Height of vertically localized aerosol layer in the free troposphere above sea level ,km,Climate Monitoring (GCOS),n/a (2D)
5,Aerosol mass mixing ratio,Aerosols and radiation,g/Kg,3D field of the mass mixing ratio of condensed particles in the atmosphere,%,"Atmospheric Chemistry (deprecated),Climate Modelling Research (deprecated),Global NWP,SPARC (deprecated)","FT,M,MUS,PBL,UTLS"
6,Aerosol Optical Depth,Aerosols and radiation,Dimensionless,The AOD is the effective depth of the aerosol column from the viewpoint of radiation propagation: Vertical column integral of spectral aerosol extinction coefficient AOD = exp(-K. Δz) where K is the extinction coefficient [km<sup>-1</sup> ] and Δz the vertical path [km] ,Dimensionless,"Climate Monitoring (GCOS),Climate-AOPC (deprecated)","FT,M,MUS,PBL,TC,TrC,UTLS"
356,Aerosol single-scattering albedo,Aerosols and radiation,dimensionless, The spectrally dependent ratio of the aerosol scattering to the aerosol extinction ,dimensionless,Climate Monitoring (GCOS),n/a (2D)
7,Aerosol species mole fraction,Aerosols and radiation,moles/mole  of dry air,"3D field of the mole fraction of condensed-phase chemical species (e.g., sulfate, nitrate, ammonium, elemental carbon, organic carbon),  in the atmosphere",%,,"FT,M,MUS,PBL,UTLS"
8,Aerosol species total column burden,Aerosols and radiation,moles.m,"2D field integrated over the total column burden of concentration of condensed-phase chemical species (e.g., sulfate, nitrate, ammonium, elemental carbon, organic carbon), in the atmosphere ",%,,TC
9,Aerosol type,Aerosols and radiation,Classes,"Selection, out of a pre-defined set of aerosol classes, that best fits an input data set (observed or modeled). The pre-defined set of aerosol classes includes specification of the particle composition, mixing state, complex refractive index, and shape as a function of particle size. The definition of aerosol type includes specification of all the classes as well as the algorithm used to choose the best fit to the input data. ",Probab.,,"FT,PBL,TC,TrC"
173,Aerosol volcanic ash,Aerosols and radiation,g/kg ,3D field of mass mixing ratio of volcanic ash ,%,Aeronautical Meteorology,"FT,M,MUS,PBL,UTLS"
174,Aerosol volcanic ash  Total Column,Aerosols and radiation,g.m,"2D Field of mass of volcanic ash, integrated over the total column.",%,Aeronautical Meteorology,TC
10,Air pressure (near surface),Basic atmospheric,hPa,Air pressure at a known height above the surface with the height specified in the metadata,hPa,"Aeronautical Meteorology,Climate Monitoring (GCOS),Climate-AOPC (deprecated),Global NWP,High Res NWP,Ocean Applications",Near Surface
11,Air specific humidity (near surface),Basic atmospheric,g/kg,"Air specific humidity  at a known height  above surface, with the height specified in the metadata. Specific  humidity is the ratio of the mass of water vapour and the mass of moist air.",%,"Aeronautical Meteorology,Agricultural Meteorology,CLIC (deprecated),Climate-AOPC (deprecated),Global NWP,High Res NWP,Ocean Applications",Near Surface
12,Air temperature (near surface),Basic atmospheric,K,Air temperature at a known height above the surface with the height specified in the metadata,K,"Aeronautical Meteorology,Agricultural Meteorology,CLIC (deprecated),Climate Monitoring (GCOS),Climate-AOPC (deprecated),Global NWP,High Res NWP,Nowcasting / VSRF,Ocean Applications",Near Surface
299,Alpha particles differential directional flux,Energetic particles and solar wind ,"Particles·(cm, s sr MeV)",,,,
300,Alpha particles integral directional flux,Energetic particles and solar wind ,"particles·(cm, s sr)","An alpha particle has positive charge and consists of two protons and two neutrons (the nucleus of a helium atom). Flux is the rate of flow through a reference surface, measured in particles per unit area.The directional flux is the flux limited to a certain solid angle as a function of the direction (pitch angle).",,,
216,Atmospheric density,Basic atmospheric,kg.m,3D field of density of the atmosphere,%,Space Weather,"HiThermo,LoThermo"
13,Atmospheric temperature,Basic atmospheric,K,3D field of the atmospheric temperature ,K,"Aeronautical Meteorology,Agricultural Meteorology,Climate Modelling Research (deprecated),Climate Monitoring (GCOS),Climate-AOPC (deprecated),Global NWP,High Res NWP,Nowcasting / VSRF,SPARC (deprecated),Space Weather","FT,HiThermo,LoThermo,M,MUS,PBL,UTLS"
214,Aurora,Ionospheric disturbances,,Occurence of fluorescence of the upper atmosphere through ionization by energetic charged particles accelerated by the Earth's magnetic field.,,,n/a (2D)
210,Background Luminance (surface),Aerosols and radiation,cd . m ,"Luminous flux received from the background, per unit solid angle and per unit area where the Luminous flux is a quantity derived from radiant flux by evaluating the radiation according to its action upon the International Commission on Illumination standard photometric observer. (symbol: L; unit: lm. m<sup>–2<sub>.</sub></sup> sr<sup>–1</sup> = cd . m<sup>–2</sup> ) ",%,Aeronautical Meteorology,Near Surface
14,Bathymetry,Ocean,,,m,Ocean Applications,n/a (2D)
15,Biomass,Land surface,t/ha,Total amount of vegetation in a reference area - Physical unit: [ t/ha (tons/hectare) ] - Accuracy unit: [ t/ha ],t/ha,"Climate Monitoring (GCOS),Climate-TOPC (deprecated)",Land surface
16,BrO,Atmospheric chemistry,Dimensionless (mol/mol),"3D field of amount of BrO (Bromine monoxide, expressed in moles)   divided by the total amount of all constituents in dry air (also expressed in moles) ",Dimensionless (mol/mol),Atmospheric Chemistry (deprecated),"FT,M,MUS,PBL,UTLS"
326,C(17)OO Delta,Atmospheric chemistry,‰, 3D field of Delta O-17 in CO2 (Carbon dioxide) (isotopic signature),%,,"FT,M,MUS,PBL,UTLS"
323,C(18)O Delta,Atmospheric chemistry,‰, 3D field of Delta O-18 in CO (Carbon monoxide) (isotopic signature),‰,Monitoring Atmospheric Composition,"FT,M,MUS,Near Surface,PBL,UTLS"
317,C(18)OO Delta,Atmospheric chemistry,‰, 3D field of Delta O-18 in CO2 (Carbon dioxide) (isotopic signature),‰,Monitoring Atmospheric Composition,"FT,M,MUS,Near Surface,PBL,UTLS"
290,C10H16 (3-Carene) Mole Fraction,Atmospheric chemistry,dimensionless (mol/mol),"3D field of amount  of C<sub>10</sub>H<sub>16</sub> (3-Carene, expressed in moles) divided by the total amount of all constituents in dry air (also expressed in moles) ",dimensionless (mol/mol),,"FT,M,MUS,UTLS"
288,C10H16 (alfapinene) Mole Fraction,Atmospheric chemistry,dimensionless (mol/mol),"3D field of amount  of C<sub>10</sub>H<sub>16</sub> (alfapinene,expressed in moles) divided by the total amount of all constituents in dry air (also expressed in moles).  ",dimensionless (mol/mol),,"FT,M,MUS,UTLS"
289,C10H16 (betapinene) Mole Fraction,Atmospheric chemistry,dimsnionless (mol/mol),"3D field of amount of C<sub>10</sub>H<sub>16</sub> (betapinene, expressed in moles) divided by the total amount of all constituents in dry air (also expressed in moles) ",dimsnionless (mol/mol),,"FT,M,MUS,UTLS"
291,C10H16 (Limonene) Mole Fraction,Atmospheric chemistry,dimensionless (mol/mol),"3D field of dry air mole fraction of C<sub>10</sub>H<sub>16</sub> (Limonene, expressed in moles) divided by the total amount of all constituents in dry air (also expressed in moles).",dimensionless (mol/mol),,"FT,M,MUS,PBL,UTLS"
17,C2H2,Atmospheric chemistry,dimensionless (mol/mol),3D field of amount of C<sub>2</sub>H<sub>2</sub> (Acetylene. expressed in moles) divided by the total amount of all constituents in air (also expressed in moles),dimensionless (mol/mol),"Forecasting Atmospheric Composition,Monitoring Atmospheric Composition","FT,PBL"
294,C2H5OH Mole Fraction,Atmospheric chemistry,dimensionless (mol/mol),"3D field of amount of C<sub>2</sub>H<sub>5</sub>OH (Ethanol, expressed in moles) divided by the total amount of all constituents in dry air (also expressed in moles).",dimensionless (mol/mol),,"FT,M,MUS,PBL,UTLS"
18,C2H6,Atmospheric chemistry,dimensionless (mol/mol),"3D field of amount of C<sub>2</sub>H<sub>6</sub> (Ethane, expressed in moles) divided by the total amount of all constituents in dry air (also expressed in moles) ",dimensionless (mol/mol),,"FT,PBL"
296,C2H6S Mole Fraction,Atmospheric chemistry,dimensionles (mol/mol),"3D field of amount of C<sub>2</sub>H<sub>6</sub>S (Dimethyl sulphide, DMS, expressed in moles) divided by the total amount of all constituents in dry air (also expressed in moles) .",dimensionles (mol/mol),,"FT,M,MUS,PBL,UTLS"
295,C3H6O Mole Fraction,Atmospheric chemistry,dimensionles (mol/mol),"3D field of amount  of C<sub>3</sub>H<sub>6</sub>O (Acetone, expressed in moles) divided by the total amount of all constituents in dry air (also expressed in moles).",dimensionles (mol/mol),,"FT,M,MUS,PBL,UTLS"
280,C3H8,Atmospheric chemistry,dimensionless (mol/mol),"3D field of amount  of C<sub>3</sub>H<sub>8</sub> (Propane, expressed in moles) divided by the total amount of all constituents in dry air (also expressed in moles).",dimensionless (mol/mol),,"FT,M,MUS,PBL,TC,UTLS"
281,C4H10,Atmospheric chemistry,dimensionless (mol/mol),"3D field of dry air mole fraction of C<sub>4</sub>H<sub>10</sub> (Methylpropane, expressed in moles) divided by the total amount of all constituents in dry air (also expressed in moles)",dimensionless (mol/mol),,"FT,M,MUS,PBL,TC,UTLS"
282,C4H10 (n-butane),Atmospheric chemistry,dimensionless (mol/mol),"3D field of amount dry of C<sub>4</sub>H<sub>10</sub> (n-butane, expressed in moles) divided by the total amount of all constituents in dry air (also expressed in moles).",dimensionless (mol/mol),,"FT,M,MUS,PBL,TC,UTLS"
283,C5H12 (2-Methylbutane),Atmospheric chemistry,dimensionless (mol/mol),"3D field of dry air mole fraction of C<sub>5</sub>H<sub>12</sub> (2-Methylbutane, expressed in moles) divided by the total amount of all constituents in dry air (also expressed in moles)",dimensionless (mol/mol),,"FT,M,MUS,PBL,TC,UTLS"
284,C5H12 (n-Pentane),Atmospheric chemistry,dimensionless (mol/mol),"3D field of amount of C<sub>5</sub>H<sub>12</sub> (n-Pentane, expressed in moles) divided by the total amount of all constituents in dry air (also expressed in moles).",dimensionless (mol/mol),,"FT,M,MUS,PBL,TC,UTLS"
335,DMS Mole Fraction,Atmospheric chemistry, Dimentionless (mol/mol)," 3D field of amount of DMS (Dimethyl sulfide, expressed in moles) divided by the total amount of all constituents in dry air (also expressed in moles)",Dimentionless (mol/mol),,"FT,M,MUS,PBL,UTLS"
48,Dominant wave direction,Ocean,degrees,One feature of the ocean wave spectrum. It is the direction of the most energetic wave in the spectrum - Physical unit: [ degrees ] - Accuracy unit: [ degrees ].,deg.,"Global NWP,High Res NWP,Nowcasting / VSRF",Sea surface
49,Dominant wave period,Ocean,s,The period of the most energetic wave in the ocean wave spectrum.,s,"Global NWP,High Res NWP,Nowcasting / VSRF,Ocean Applications","Bulk,Sea surface"
52,Downward long-wave irradiance at Earth surface,Aerosols and radiation,W.m,"Flux density of radiation emitted by the gases, aerosols and clouds of the atmosphere to the Earth's surface",W.m,"Climate Monitoring (GCOS),Climate-AOPC (deprecated),Global NWP,Nowcasting / VSRF",Near Surface
50,Downward short-wave irradiance at Earth surface,Aerosols and radiation,W.m,Flux density of the solar radiation at the Earth surface ,W.m,"Agricultural Meteorology,Climate Monitoring (GCOS),Climate-AOPC (deprecated),Global NWP,Nowcasting / VSRF",Near Surface
51,Downward short-wave irradiance at TOA,Aerosols and radiation,W.m,Flux density of the solar radiation at the top of the atmosphere ,W.m,"Climate Modelling Research (deprecated),Climate Monitoring (GCOS),Climate-AOPC (deprecated)",TOA
53,Earth Rotation,Solid Earth and magnetic field,Rad/s,"Rotation velocity of the Earth, determining the length of the day - Physical unit: [Rad/s] - Accuracy unit: [Arcsec/century].",Arcsec/century,,
54,Earth surface albedo,Aerosols and radiation,%,Hemispherically integrated reflectance of the Earth surface in the range 0.4-0.7 ,%,"Climate Monitoring (GCOS),Climate-TOPC (deprecated),High Res NWP,Nowcasting / VSRF",Near Surface
55,Earth surface short-wave bidirectional reflectance,Aerosols and radiation,%,Reflectance of the Earth surface as a function of the viewing angle and the illumination angle in the range 0.4-0.7 . The distribution of this variable is represented by the Bidirectional Reflectance Distribution Function (BRDF),%,"Climate-AOPC (deprecated),Global NWP",Near Surface
212,Electric Field,Ionospheric disturbances,mV·m,Magnitude and direction of the Earth’s electric field ,mVm,,"Geo,Ionos,Leo,Magnet,Meo"
56,Electron Density,Ionospheric disturbances,"electrons·m, ",3-D field of the electron density in the ionosphere,electrons·m,,Ionos
217,Electron differential directional flux,Energetic particles and solar wind ,"electrons·(cm, s sr eV)"," Flux density energy spectrum of low-, medium-, and high-energy electrons from the magnetosphere, the radiation belts or the interplanetary medium, per unit solid angle",%,Space Weather,"Geo,Ionos,L1,L4-L5,Leo,Magnet,Meo"
218,Electron flux density,Energetic particles and solar wind ,"electrons·(cm, s)","Flux density of low-, medium-, and high-energy electrons from the magnetosphere, the radiation belts or the interplanetary medium.",%,,"Geo,Helio,Ionos,L1,Leo,Magnet,Meo,Sun"
57,Electron flux energy spectrum,Energetic particles and solar wind ,"electrons·(cm, . s. eV)","Flux density energy spectrum of low-, medium-, and high-energy electrons from the magnetosphere, the radiation belts or the interplanetary medium.",%,,"Geo,Helio,Ionos,L1,Leo,Magnet,Meo,Sun"
219,Electron integral directional flux,Energetic particles and solar wind ,"electrons·(cm, s sr )","Flux density of low-, medium-, and high-energy electrons from the magnetosphere, the radiation belts or the interplanetary medium, per unit solid angle.",%,,"Geo,Helio,Ionos,L1,Leo,Magnet,Meo,Sun"
264,Electrostatic charge,Energetic particles and solar wind ,pA·cm, Measurement of the electrostatic charge of a satellite accumulated because of the environmental situation. ,%,,"Geo,Ionos,Leo,Magnet,Meo"
305,Energetic Neutral Atom (ENA),Energetic particles and solar wind ,"Particles·(cm, s sr MeV)","Neutral atoms resulting from the capture of free electrons by positively ionized nuclei of the solar wind.  Once neutralised, the particles are no longer deviated by the interplanetary magnetic field, and still move very fast, travelling in an exact straight line.",%,,"Helio,Magnet"
247,EUV flux,Solar monitoring,W·m,Radiative flux integrated over the EUV band. ,%,,"Geo,Helio,Ionos,L1,Leo,Magnet,Meo,Sun"
262,EUV flux spectrum,Solar monitoring," watt·m,·nm, ", Energy spectrum of the radiative flux measured in the EUV band. ,%,,"Geo,Helio,Ionos,L1,Leo,Magnet,Meo,Sun"
298,EUV sky image,Solar monitoring,"erg·(cm, arcsec s)",EUV image of the sky,%,,
187,Evapotranspiration,Land surface,mm/day,"Quantity of water evaporated from
the soil and plants when the ground is at its natural moisture content.",mm/day,Agricultural Meteorology,Land surface
60,Fire fractional cover,Land surface,%,Fraction of a land area where fire is occurring,%,"Agricultural Meteorology,Climate Monitoring (GCOS),Climate-TOPC (deprecated),Nowcasting / VSRF",Land surface
61,Fire radiative power,Land surface,kW*m,Power radiated by the fire occurring within an area,kW*m,Climate Monitoring (GCOS),Land surface
62,Fire temperature,Land surface,K,Temperature of the fire occurring within an area  ,K,"Agricultural Meteorology,Nowcasting / VSRF",Land surface
63,foEs,Ionospheric disturbances,MHz,The highest ordinary-wave frequency reflected back from a sporadic E layer and observed by an ionosonde. ,MHz,Space Weather,n/a (2D)
64,foF2,Ionospheric disturbances,MHz,"Critical frequency of the F2 layer of the ionosphere. This critical frequency (f, in MHz) is associated with the electron density (Ne, in cm<sup>-3</sup>): f=9*10<sup>-3</sup>*sqrt(Ne). ",MHz,Space Weather,n/a (2D)
65,Fraction of Absorbed PAR (FAPAR),Aerosols and radiation,%,Fraction of PAR absorbed by vegetation (land or marine) for photosynthesis processes (generally around the 'red' ),%,"Agricultural Meteorology,Climate Monitoring (GCOS),Climate-TOPC (deprecated),Global NWP,High Res NWP,SIAF (deprecated),SSLP","Bulk,Land surface,Sea surface"
66,Fraction of vegetated land,Land surface,%,Fraction of a land area where vegetation is present,%,,Land surface
67,Freezing level height in clouds,Clouds and precipitations,km,Height of the atmospheric layer in cloud where liquid-solid states transform into each other,km,Aeronautical Meteorology,n/a (2D)
255,Gamma-ray flux,Solar monitoring," W·m, ",Radiative flux integrated over the gamma-ray domain. ,%,,"Geo,Helio,Ionos,L1,Leo,Meo"
254,Gamma-ray flux spectrum,Solar monitoring," W·m,·Å, ", Energy spectrum of the radiative flux measured in the gamma-ray domain. ,%,,"Geo,Helio,Ionos,L1,Leo,Meo"
68,Geoid,Solid Earth and magnetic field,cm,"Equipotential surface which would coincide exactly with the mean ocean surface of the Earth, if the oceans were in equilibrium, at rest, and extended through the continents (such as with very narrow channels) - Physical unit: [ cm ] - Accuracy unit: [ cm ].",cm,"SIAF (deprecated),SSLP",Land surface
171,Geomagnetic field,Solid Earth and magnetic field,nanoTesla (nT),"Magnitude and direction of the 3D magnetic field on the surface of Earth and within the magnetosphere (i.e., in low-Earth orbit and in geosynchronous orbit).",nanoTesla (nT),Space Weather,"Geo,Land surface,Leo"
69,Glacier cover,Land surface,%,Fraction of a land area covered by permanent ice ,%,"Climate Monitoring (GCOS),Climate-TOPC (deprecated)",Land surface
70,Glacier motion,Land surface,m/y,Velocity of the ice measured at the surface of a glacier ,m/y,,Land surface
71,Glacier topography,Land surface,cm,Map of the height of the glacier surface.,cm,Climate-TOPC (deprecated),Land surface
331,Glyoxal Mole Fraction,Atmospheric chemistry, Dimentionless (mol/mol)," 3D field of amount of OCHCHO (Glyoxal, expressed in moles) divided by the total amount of all constituents in dry air (also expressed in moles)",Dimentionless (mol/mol),,"FT,M,MUS,PBL,UTLS"
345,Glyoxal Tropospheric column,Atmospheric chemistry,molecules.cm, 2D field of tropospheric column averaged of amount of Glyoxal (expressed in moles) divided by the total amount of all constituents in dry air (also expressed in moles),%,,TrC
72,Gravity field,Solid Earth and magnetic field,mGal,Indicative of the statics and dynamics of the lithosphere and the mantle - Physical unit: [ mGal ] where : 1 Gal = 0.01 m.s<sup>-2</sup>,mGal,,
73,Gravity gradients,Solid Earth and magnetic field,E (Eötvös),"Gradient of the Earth’s gravity field measured at the satellite orbital height - Physical unit: [ E ] , Eötvös (1 E = 1 mGal / 10 km) - Accuracy unit: [ E ].",E (Eötvös),,
74,Ground water,Land surface,m,Amount of water present beneath the ground surface per unit area,m,Climate-TOPC (deprecated),Land surface
75,h'F,Ionospheric disturbances,km,Virtual height of the bottom of the ionospheric F-layer.,km,Space Weather,n/a (2D)
327,H2 Mole Fraction,Atmospheric chemistry, Dimentionless (mol/mol),  3D field of amount of H2 ( expressed in moles) divided by the total amount of all constituents in dry air (also expressed in moles) ,Dimentionless (mol/mol),,"FT,M,MUS,PBL,UTLS"
76,H2O,Atmospheric chemistry,dimensionless (mol/mol),3D field of amount of H<sub>2</sub>O (Water vapour intended as a chemical species relevant for atmospheric chemistry. expressed in moles) divided by the total amount of all constituents in dry air (also expressed in moles) ,dimensionless (mol/mol),,"FT,M,MUS,PBL,UTLS"
310,HCFC-22,Atmospheric chemistry, dimensionless (mol/mol) ,"3D field of amount of HCFC-22 (hydrochlorofluorocarbon-22, or R-22expressed in moles) divided by the total amount of all constituents in dry air (also expressed in moles).",dimensionless (mol/mol),,"FT,M,MUS,PBL,UTLS"
21,HCHO mole fraction ,Atmospheric chemistry,ppt,"2D field of amount of HCHO (Formaldehyde, expressed in moles) divided by the total amount of all constituents in dry air (also expressed in moles) at a known height above surface, with the height specified in the metadata",ppt,"Forecasting Atmospheric Composition,Monitoring Atmospheric Composition,Providing Atmospheric Composition information  to support services in urban and populated areas",Near Surface
22,HCHO Total Column,Atmospheric chemistry, molecules/cm, 2D field of total amount of HCHO molecules (Formaldehyde)  per unit area in an atmospheric column extending from the Earth’s surface to the upper edge of the atmosphere.,molecules/cm,"Atmospheric Chemistry (deprecated),Climate Monitoring (GCOS)",TC
344,HCHO Tropospheric column,Atmospheric chemistry,molecules/cm,2D field of total amount of HCHO molecules (Formaldehyde)  per unit area in an atmospheric column extending from the Earth’s surface to the tropopause. ,molecules/cm,"Climate Monitoring (GCOS),Forecasting Atmospheric Composition,Monitoring Atmospheric Composition,Providing Atmospheric Composition information  to support services in urban and populated areas",TrC
77,HCl,Atmospheric chemistry,dimensionless (mol/mol),"3D field of amount of HCl (Hydrogen chloride, expressed in moles) divided by the total amount of all constituents in dry air (also expressed in moles) ",dimensionless (mol/mol),Atmospheric Chemistry (deprecated),"FT,M,MUS,UTLS"
341,HD Delta,Atmospheric chemistry,‰, 3D field of Delta Deuterium (H-2) in HD (molecular Hydrogen) (isotopic signature),‰,Monitoring Atmospheric Composition,"FT,M,MUS,Near Surface,PBL,UTLS"
